FIPS2,Probability
01001,57.8
01003,57.8
01005,60.9
01007,60.9
01009,58.9
01011,60.9
01013,66.1
01015,57.8
01017,59.5
01019,66.4
01021,59.9
01023,67.5
01025,67.5
01027,59.9
01029,59.9
01031,57.8
01033,59.9
01035,67.5
01037,59.9
01039,67.5
01041,59.5
01043,58.9
01045,57.8
01047,67.5
01049,58.9
01051,57.8
01053,60.9
01055,57.8
01057,66.4
01059,59.9
01061,60.9
01063,67.5
01065,67.5
01067,60.9
01069,59.5
01071,59.9
01073,59.5
01075,66.4
01077,57.8
01079,59.9
01081,57.3
01083,57.8
01085,67.5
01087,67.5
01089,57.3
01091,60.9
01093,59.9
01095,57.8
01097,58.9
01099,67.5
01101,58.9
01103,57.8
01105,67.5
01107,60.9
01109,58.9
01111,60.9
01113,60.9
01115,57.8
01117,57.3
01119,67.5
01121,60.9
01123,57.8
01125,57.8
01127,59.9
01129,67.5
01131,67.5
01133,58.9
02013,56.5
02016,56.5
02020,56.5
02050,64.1
02060,55.9
02068,56.1
02070,56.9
02090,56.5
02100,55.9
02110,55.6
02122,55.9
02130,55.6
02150,55.6
02158,59.2
02164,56.1
02170,63.1
02180,55.6
02185,63.4
02198,55.6
02230,56.1
02240,55.6
02282,55.3
02290,64.1
04001,56.9
04003,56.5
04005,57.8
04007,55.9
04009,58.7
04011,56.1
04012,59.2
04013,56.5
04015,56.1
04017,57.8
04019,56.5
04021,56.5
04023,56.9
04025,56.1
04027,58.7
05001,59.5
05003,60.9
05005,56.6
05007,56.3
05009,56.6
05011,60.9
05013,59.9
05015,57.7
05017,60.9
05019,59.5
05021,64.9
05023,56.6
05025,59.9
05027,59.5
05029,59.9
05031,57.8
05033,56.9
05035,59.5
05037,59.5
05039,59.9
05041,60.9
05043,57.8
05045,57.8
05047,56.9
05049,64.9
05051,57.8
05053,59.9
05055,58.9
05057,60.9
05059,59.9
05061,57.8
05063,57.8
05065,59.9
05067,60.9
05069,59.5
05071,56.9
05073,60.9
05075,67.2
05077,60.9
05079,60.9
05081,59.9
05083,56.3
05085,57.8
05087,57.7
05089,56.6
05091,59.5
05093,59.5
05095,60.9
05097,57.7
05099,60.9
05101,57.7
05103,60.9
05105,59.9
05107,67.5
05109,57.8
05111,60.9
05113,57.7
05115,57.8
05117,66.4
05119,57.3
05121,58.9
05123,59.5
05125,57.8
05127,58.0
05129,57.7
05131,57.3
05133,59.9
05135,59.9
05137,64.9
05139,59.5
05141,57.7
05143,57.3
05145,57.8
05147,67.5
05149,56.9
06001,56.2
06003,55.9
06005,57.1
06007,55.6
06009,56.1
06011,56.1
06013,56.5
06015,56.5
06017,55.6
06019,58.2
06021,55.6
06023,55.6
06025,58.7
06027,56.1
06029,56.5
06031,56.5
06033,57.1
06035,57.1
06037,56.2
06039,58.2
06041,56.5
06043,56.1
06045,55.6
06047,56.5
06049,56.1
06051,55.9
06053,56.5
06055,56.5
06057,55.9
06059,56.2
06061,55.6
06063,56.1
06065,56.5
06067,56.5
06069,55.6
06071,56.5
06073,56.5
06075,56.2
06077,56.5
06079,56.5
06081,56.2
06083,56.5
06085,56.2
06087,55.6
06089,55.6
06091,55.9
06093,56.1
06095,56.5
06097,55.6
06099,56.5
06101,56.5
06103,56.1
06105,55.9
06107,57.2
06109,57.1
06111,56.5
06113,56.5
06115,58.2
08001,56.5
08003,57.8
08005,56.5
08007,55.9
08009,59.2
08011,57.1
08013,55.6
08015,57.1
08017,55.9
08019,56.1
08021,55.9
08023,56.9
08025,58.7
08027,59.2
08029,55.9
08031,58.2
08033,55.5
08035,55.6
08037,56.1
08039,56.1
08041,56.5
08043,57.1
08045,55.9
08047,56.1
08049,55.9
08051,55.9
08053,55.5
08055,56.9
08057,55.9
08059,55.6
08061,55.9
08063,59.1
08065,55.9
08067,55.9
08069,55.6
08071,56.1
08073,57.1
08075,57.1
08077,56.1
08079,55.5
08081,55.9
08083,55.9
08085,55.9
08087,57.1
08089,57.8
08091,55.9
08093,55.9
08095,55.9
08097,56.1
08099,56.9
08101,57.1
08103,58.1
08105,55.9
08107,55.9
08109,56.9
08111,55.9
08113,55.9
08115,55.9
08117,56.1
08119,55.9
08121,58.1
08123,56.1
08125,55.9
09001,56.5
09003,56.5
09005,55.6
09007,56.5
09009,56.5
09011,56.5
09013,56.5
09015,57.1
10001,56.5
10003,56.5
10005,57.1
11001,58.2
12001,56.5
12003,57.1
12005,56.5
12007,57.1
12009,56.5
12011,56.5
12013,57.1
12015,57.1
12017,57.1
12019,56.5
12021,57.1
12023,57.1
12027,58.7
12029,59.1
12031,56.5
12033,58.2
12035,56.5
12037,60.1
12039,58.7
12041,59.1
12043,58.7
12045,60.1
12047,58.7
12049,58.7
12051,58.7
12053,57.1
12055,58.7
12057,56.5
12059,60.1
12061,57.1
12063,57.1
12065,59.1
12067,60.1
12069,56.5
12071,57.1
12073,56.5
12075,58.7
12077,59.1
12079,60.1
12081,56.5
12083,58.7
12085,57.1
12086,56.7
12087,57.1
12089,57.1
12091,56.5
12093,57.1
12095,56.5
12097,56.5
12099,56.5
12101,56.5
12103,56.5
12105,56.5
12107,58.7
12109,56.5
12111,58.2
12113,56.5
12115,57.1
12117,56.5
12119,58.7
12121,58.7
12123,58.7
12125,59.1
12127,56.5
12129,57.1
12131,58.7
12133,58.7
13001,58.7
13003,60.1
13005,60.1
13007,58.7
13009,58.7
13011,57.1
13013,56.5
13015,57.1
13017,58.7
13019,60.1
13021,58.2
13023,58.7
13025,59.1
13027,60.1
13029,56.5
13031,58.7
13033,60.1
13035,59.1
13037,60.1
13039,57.1
13043,58.7
13045,57.1
13047,57.1
13049,57.1
13051,58.2
13053,56.5
13055,59.1
13057,56.5
13059,56.5
13061,66.7
13063,56.5
13065,60.1
13067,56.5
13069,58.7
13071,58.7
13073,56.5
13075,58.7
13077,56.5
13079,59.1
13081,58.7
13083,56.1
13085,55.9
13087,58.7
13089,56.5
13091,57.1
13093,58.7
13095,58.7
13097,57.1
13099,60.1
13101,59.1
13103,57.1
13105,58.7
13107,58.7
13109,58.7
13111,55.9
13113,56.5
13115,57.1
13117,56.5
13119,57.1
13121,58.2
13123,55.9
13125,65.7
13127,58.7
13129,57.1
13131,60.1
13133,60.1
13135,56.5
13137,56.5
13139,56.5
13141,58.7
13143,63.7
13145,57.1
13147,57.1
13149,57.1
13151,56.5
13153,56.5
13155,58.7
13157,56.5
13159,59.1
13161,58.7
13163,60.1
13165,60.1
13167,60.1
13169,63.7
13171,59.1
13173,58.7
13175,58.7
13177,56.5
13179,56.5
13181,65.7
13183,58.7
13185,58.7
13187,58.1
13189,60.1
13191,59.1
13193,58.7
13195,57.1
13197,58.7
13199,58.7
13201,60.1
13205,58.7
13207,57.1
13209,60.1
13211,57.1
13213,58.1
13215,58.2
13217,57.1
13219,56.5
13221,59.1
13223,57.1
13225,58.7
13227,58.1
13229,60.1
13231,65.7
13233,57.1
13235,57.1
13237,57.1
13239,66.7
13241,56.1
13243,60.1
13245,58.2
13247,56.5
13249,58.7
13251,66.7
13253,60.1
13255,58.7
13257,57.1
13259,58.7
13261,58.7
13263,66.7
13265,58.7
13267,60.1
13269,58.7
13271,58.7
13273,60.1
13275,58.7
13277,58.7
13279,58.7
13281,55.9
13283,60.1
13285,58.2
13287,60.1
13289,66.7
13291,55.9
13293,57.1
13295,59.1
13297,57.1
13299,58.7
13301,66.7
13303,58.7
13305,58.7
13307,60.1
13309,60.1
13311,57.1
13313,57.1
13315,60.1
13317,58.7
13319,60.1
13321,60.1
15001,56.3
15003,57.3
15007,56.1
15009,56.3
16001,56.3
16003,56.6
16005,56.9
16007,56.6
16009,56.6
16011,56.6
16013,56.6
16015,56.6
16017,56.6
16019,56.9
16021,56.6
16023,56.6
16025,56.6
16027,56.9
16029,56.6
16031,56.6
16033,56.3
16035,56.6
16037,56.6
16039,57.3
16041,56.6
16043,56.6
16045,56.6
16047,56.6
16049,56.6
16051,56.6
16053,56.6
16055,56.6
16057,56.3
16059,56.6
16061,56.6
16063,56.6
16065,56.9
16067,56.6
16069,56.6
16071,56.6
16073,57.7
16075,56.6
16077,56.3
16079,56.6
16081,56.3
16083,56.6
16085,56.6
16087,56.6
17001,64.1
17003,60.5
17005,59.5
17007,57.5
17009,59.5
17011,56.5
17013,63.5
17015,58.5
17017,59.5
17019,56.9
17021,63.8
17023,63.5
17025,63.5
17027,59.5
17029,57.5
17031,56.9
17033,57.5
17035,63.5
17037,56.9
17039,58.5
17041,56.3
17043,56.9
17045,63.5
17047,63.5
17049,56.3
17051,66.1
17053,58.5
17055,63.5
17057,59.5
17059,63.5
17061,65.8
17063,56.5
17065,63.5
17067,63.5
17069,64.6
17071,63.5
17073,59.5
17075,58.5
17077,56.9
17079,63.5
17081,57.5
17083,63.5
17085,56.3
17087,59.5
17089,56.9
17091,57.5
17093,56.9
17095,57.5
17097,56.9
17099,57.5
17101,59.5
17103,57.5
17105,57.5
17107,57.5
17109,56.9
17111,56.0
17113,56.9
17115,57.5
17117,65.8
17119,57.5
17121,64.1
17123,56.3
17125,63.5
17127,59.5
17129,65.8
17131,56.3
17133,63.5
17135,59.5
17137,57.5
17139,63.5
17141,56.5
17143,56.9
17145,59.5
17147,63.5
17149,66.1
17151,66.1
17153,60.5
17155,58.5
17157,59.5
17159,63.8
17161,56.9
17163,59.1
17165,66.1
17167,56.9
17169,66.1
17171,63.5
17173,63.5
17175,65.8
17177,57.5
17179,56.5
17181,58.5
17183,57.5
17185,63.8
17187,57.5
17189,65.8
17191,63.5
17193,63.5
17195,56.5
17197,56.9
17199,57.5
17201,56.9
17203,63.8
18001,55.9
18003,56.5
18005,56.5
18007,55.9
18009,63.1
18011,55.6
18013,63.1
18015,55.9
18017,56.1
18019,57.1
18021,63.1
18023,55.9
18025,64.1
18027,56.1
18029,65.4
18031,55.9
18033,55.9
18035,57.1
18037,55.9
18039,57.1
18041,65.4
18043,57.1
18045,55.9
18047,63.1
18049,56.1
18051,63.7
18053,57.1
18055,63.1
18057,56.5
18059,57.1
18061,55.9
18063,56.5
18065,65.7
18067,57.1
18069,55.9
18071,56.1
18073,58.1
18075,55.9
18077,57.1
18079,58.1
18081,55.6
18083,57.1
18085,56.1
18087,55.9
18089,57.1
18091,57.1
18093,63.1
18095,59.1
18097,56.5
18099,55.9
18101,63.1
18103,59.1
18105,56.5
18107,56.1
18109,63.1
18111,55.9
18113,55.9
18115,63.1
18117,65.4
18119,63.1
18121,65.7
18123,65.7
18125,63.1
18127,57.1
18129,65.4
18131,58.1
18133,57.1
18135,55.9
18137,55.9
18139,65.4
18141,56.5
18143,55.9
18145,56.1
18147,58.1
18149,55.9
18151,56.1
18153,65.7
18155,63.1
18157,56.5
18159,55.9
18161,63.1
18163,57.1
18165,63.1
18167,56.5
18169,58.1
18171,63.1
18173,55.6
18175,63.1
18177,57.1
18179,55.9
18181,55.9
18183,55.9
19001,63.1
19003,63.1
19005,58.1
19007,63.1
19009,63.1
19011,63.1
19013,57.1
19015,58.1
19017,63.4
19019,63.1
19021,56.5
19023,63.1
19025,63.1
19027,55.9
19029,55.9
19031,55.9
19033,56.1
19035,56.1
19037,55.9
19039,55.9
19041,55.9
19043,55.9
19045,57.1
19047,56.1
19049,55.6
19051,63.1
19053,57.1
19055,63.1
19057,57.1
19059,63.1
19061,57.1
19063,58.1
19065,56.1
19067,56.1
19069,55.9
19071,55.9
19073,55.9
19075,63.1
19077,55.9
19079,55.3
19081,55.9
19083,58.1
19085,63.1
19087,56.5
19089,63.1
19091,55.9
19093,63.1
19095,55.9
19097,63.1
19099,58.1
19101,55.6
19103,56.5
19105,65.7
19107,65.4
19109,63.1
19111,57.1
19113,56.5
19115,56.1
19117,63.1
19119,55.9
19121,63.1
19123,56.1
19125,56.1
19127,57.1
19129,55.9
19131,63.1
19133,63.1
19135,55.9
19137,55.9
19139,56.1
19141,55.9
19143,55.9
19145,57.1
19147,58.1
19149,55.9
19151,55.9
19153,56.5
19155,56.1
19157,56.1
19159,56.9
19161,55.9
19163,56.5
19165,55.9
19167,55.9
19169,56.5
19171,55.9
19173,55.9
19175,56.1
19177,63.1
19179,56.1
19181,56.1
19183,58.1
19185,63.1
19187,57.1
19189,56.1
19191,56.1
19193,56.5
19195,55.9
19197,55.9
20001,57.8
20003,58.9
20005,59.9
20007,56.6
20009,58.9
20011,57.8
20013,58.9
20015,57.8
20017,58.9
20019,56.6
20021,58.9
20023,56.6
20025,56.6
20027,56.6
20029,58.9
20031,58.9
20033,56.6
20035,57.3
20037,57.8
20039,65.8
20041,58.9
20043,59.9
20045,57.3
20047,56.6
20049,56.6
20051,56.9
20053,59.9
20055,57.3
20057,57.8
20059,58.9
20061,57.3
20063,56.6
20065,59.5
20067,56.6
20069,56.6
20071,56.6
20073,56.6
20075,56.6
20077,56.6
20079,57.8
20081,56.6
20083,58.9
20085,58.9
20087,58.9
20089,56.6
20091,57.3
20093,56.6
20095,56.6
20097,56.9
20099,59.9
20101,58.9
20103,57.8
20105,56.6
20107,56.6
20109,58.9
20111,57.3
20113,56.9
20115,58.9
20117,56.6
20119,58.9
20121,58.9
20123,63.9
20125,57.8
20127,56.6
20129,56.1
20131,66.1
20133,56.9
20135,58.9
20137,57.8
20139,56.6
20141,63.9
20143,58.9
20145,57.8
20147,56.6
20149,56.9
20151,58.9
20153,56.6
20155,57.8
20157,63.9
20159,58.9
20161,57.3
20163,56.6
20165,56.6
20167,56.9
20169,57.3
20171,56.3
20173,57.3
20175,57.3
20177,57.8
20179,56.6
20181,58.9
20183,56.6
20185,56.6
20187,58.5
20189,56.3
20191,58.9
20193,56.9
20195,56.3
20197,56.6
20199,56.6
20201,56.6
20203,58.9
20205,56.6
20207,56.6
20209,57.3
21001,59.1
21003,58.1
21005,63.7
21007,65.7
21009,60.1
21011,66.4
21013,66.7
21015,56.5
21017,59.1
21019,65.7
21021,57.1
21023,63.1
21025,64.1
21027,65.7
21029,63.4
21031,55.9
21033,65.7
21035,56.5
21037,57.1
21039,58.1
21041,57.1
21043,66.4
21045,59.2
21047,57.1
21049,59.1
21051,60.1
21053,56.9
21055,66.4
21057,66.7
21059,57.1
21061,65.4
21063,66.7
21065,64.1
21067,56.5
21069,65.4
21071,66.4
21073,57.1
21075,65.3
21077,58.1
21079,59.1
21081,58.1
21083,59.1
21085,66.4
21087,66.7
21089,63.4
21091,65.4
21093,56.5
21095,66.7
21097,59.1
21099,66.7
21101,59.1
21103,59.1
21105,66.7
21107,57.1
21109,64.1
21111,56.5
21113,57.1
21115,64.1
21117,57.1
21119,66.4
21121,66.4
21123,59.1
21125,65.0
21127,64.1
21129,66.7
21131,66.6
21133,64.1
21135,64.1
21137,60.1
21139,63.1
21141,59.1
21143,65.7
21145,57.1
21147,60.1
21149,65.4
21151,57.1
21153,64.1
21155,58.7
21157,63.1
21159,60.1
21161,65.3
21163,57.1
21165,66.7
21167,59.1
21169,66.7
21171,60.1
21173,59.1
21175,66.7
21177,65.7
21179,57.1
21181,65.4
21183,58.1
21185,57.1
21187,58.1
21189,64.1
21191,63.1
21193,65.3
21195,66.4
21197,66.4
21199,57.8
21201,64.1
21203,64.1
21205,65.3
21207,56.9
21209,57.1
21211,57.1
21213,57.1
21215,65.7
21217,58.7
21219,59.1
21221,65.7
21223,55.9
21225,59.1
21227,56.5
21229,59.1
21231,60.1
21233,59.1
21235,66.4
21237,64.1
21239,57.1
22001,60.1
22003,65.3
22005,57.1
22007,60.1
22009,66.7
22011,57.1
22013,66.7
22015,56.5
22017,58.7
22019,57.1
22021,60.1
22023,59.1
22025,66.7
22027,66.7
22029,66.7
22031,60.1
22033,56.5
22035,58.7
22037,66.7
22039,60.1
22041,66.7
22043,60.1
22045,56.5
22047,60.1
22049,65.7
22051,56.5
22053,60.1
22055,56.5
22057,57.1
22059,59.1
22061,58.2
22063,57.1
22065,60.1
22067,66.7
22069,60.1
22071,58.2
22073,58.7
22075,56.5
22077,60.1
22079,58.7
22081,66.7
22083,60.1
22085,60.1
22087,56.5
22089,57.1
22091,66.7
22093,66.7
22095,57.1
22097,60.1
22099,58.7
22101,58.2
22103,57.1
22105,58.7
22107,66.7
22109,57.1
22111,60.1
22113,56.5
22115,56.5
22117,60.1
22119,60.1
22121,60.1
22123,60.1
22125,59.1
22127,60.1
23001,57.1
23003,65.4
23005,56.5
23007,63.1
23009,63.1
23011,63.4
23013,63.4
23015,63.1
23017,63.1
23019,63.4
23021,63.1
23023,63.4
23025,63.1
23027,63.1
23029,64.1
23031,63.4
24001,63.7
24003,56.5
24005,56.5
24009,57.1
24011,57.1
24013,57.1
24015,57.1
24017,56.5
24019,57.1
24021,56.5
24023,65.4
24025,56.5
24027,56.5
24029,57.1
24031,56.2
24033,56.5
24035,57.1
24037,56.5
24039,57.1
24041,57.1
24043,57.1
24045,56.5
24047,57.1
24510,58.2
25001,57.1
25003,57.1
25005,56.5
25007,57.1
25009,56.5
25011,56.1
25013,56.5
25015,56.5
25017,56.5
25019,57.1
25021,56.5
25023,57.1
25025,58.2
25027,56.5
26001,63.1
26003,65.7
26005,56.1
26007,63.1
26009,55.9
26011,63.1
26013,65.7
26015,55.9
26017,57.1
26019,55.9
26021,56.5
26023,59.1
26025,56.5
26027,57.1
26029,63.1
26031,65.4
26033,63.7
26035,59.2
26037,56.5
26039,63.1
26041,63.1
26043,63.1
26045,56.5
26047,63.4
26049,57.1
26051,63.1
26053,65.7
26055,56.1
26057,59.1
26059,55.9
26061,62.8
26063,55.9
26065,56.5
26067,59.1
26069,56.1
26071,63.1
26073,56.5
26075,57.1
26077,56.5
26079,63.1
26081,56.5
26083,63.1
26085,60.1
26087,58.1
26089,55.9
26091,57.1
26093,55.9
26095,65.7
26097,65.4
26099,56.5
26101,59.1
26103,63.7
26105,56.1
26107,57.1
26109,63.1
26111,55.6
26113,55.9
26115,57.1
26117,59.1
26119,64.1
26121,57.1
26123,58.1
26125,56.5
26127,55.9
26129,63.1
26131,63.1
26133,58.1
26135,63.1
26137,63.1
26139,55.6
26141,63.1
26143,63.1
26145,57.1
26147,57.1
26149,57.1
26151,55.9
26153,63.1
26155,55.9
26157,58.1
26159,59.1
26161,56.5
26163,58.2
26165,55.9
27001,63.1
27003,56.5
27005,63.1
27007,57.8
27009,57.1
27011,63.1
27013,56.5
27015,55.9
27017,63.4
27019,55.6
27021,63.1
27023,56.1
27025,56.1
27027,56.1
27029,63.1
27031,63.1
27033,55.6
27035,65.4
27037,56.5
27039,55.9
27041,63.1
27043,55.9
27045,63.1
27047,56.1
27049,56.1
27051,55.9
27053,56.5
27055,63.4
27057,55.9
27059,56.1
27061,63.1
27063,56.1
27065,63.1
27067,59.1
27069,55.9
27071,65.4
27073,55.9
27075,63.1
27077,63.1
27079,55.9
27081,63.1
27083,56.5
27085,56.1
27087,56.9
27089,55.9
27091,55.9
27093,55.9
27095,63.1
27097,63.1
27099,56.5
27101,55.9
27103,57.1
27105,56.5
27107,55.9
27109,56.5
27111,56.1
27113,56.1
27115,59.1
27117,56.1
27119,56.1
27121,63.1
27123,56.5
27125,55.9
27127,55.3
27129,55.9
27131,56.5
27133,56.1
27135,62.5
27137,63.4
27139,56.5
27141,57.1
27143,55.9
27145,56.5
27147,57.1
27149,55.6
27151,58.1
27153,55.9
27155,63.1
27157,55.9
27159,65.4
27161,57.1
27163,56.5
27165,55.8
27167,55.9
27169,55.6
27171,56.1
27173,55.9
28001,60.9
28003,59.9
28005,67.5
28007,60.9
28009,60.9
28011,59.5
28013,60.9
28015,66.4
28017,60.9
28019,67.5
28021,67.5
28023,67.5
28025,67.5
28027,67.5
28029,60.9
28031,60.9
28033,57.8
28035,59.5
28037,67.5
28039,59.9
28041,67.5
28043,67.5
28045,57.8
28047,58.9
28049,59.5
28051,67.5
28053,60.9
28055,67.5
28057,66.4
28059,57.3
28061,67.5
28063,71.7
28065,67.5
28067,60.9
28069,67.5
28071,57.3
28073,57.8
28075,59.5
28077,60.9
28079,60.9
28081,57.8
28083,59.5
28085,67.5
28087,59.5
28089,57.3
28091,67.5
28093,60.9
28095,67.5
28097,67.5
28099,60.9
28101,67.5
28103,67.5
28105,65.5
28107,67.5
28109,60.9
28111,66.4
28113,66.1
28115,59.9
28117,66.4
28119,67.5
28121,57.8
28123,60.9
28125,67.5
28127,67.5
28129,67.5
28131,67.5
28133,67.5
28135,59.5
28137,59.9
28139,59.9
28141,59.9
28143,59.5
28145,59.9
28147,60.9
28149,59.5
28151,66.1
28153,67.5
28155,67.5
28157,71.7
28159,67.5
28161,67.5
28163,60.9
29001,56.9
29003,56.3
29005,63.5
29007,57.5
29009,56.3
29011,56.3
29013,58.5
29015,56.3
29017,63.5
29019,56.9
29021,57.5
29023,59.1
29025,56.3
29027,57.5
29029,56.3
29031,57.5
29033,66.1
29035,57.3
29037,57.5
29039,56.3
29041,66.1
29043,56.5
29045,63.5
29047,56.9
29049,58.5
29051,57.5
29053,66.1
29055,56.3
29057,56.3
29059,57.3
29061,63.5
29063,59.5
29065,64.6
29067,63.5
29069,60.5
29071,65.8
29073,63.5
29075,63.5
29077,56.9
29079,58.5
29081,56.3
29083,58.5
29085,64.6
29087,63.5
29089,66.1
29091,57.3
29093,66.8
29095,56.9
29097,57.5
29099,56.5
29101,56.9
29103,64.6
29105,58.5
29107,59.5
29109,56.3
29111,59.5
29113,59.5
29115,58.5
29117,66.1
29119,58.2
29121,66.1
29123,57.3
29125,63.5
29127,64.1
29129,63.5
29131,63.5
29133,60.5
29135,59.5
29137,66.1
29139,66.1
29141,59.6
29143,67.1
29145,56.5
29147,63.5
29149,64.6
29151,63.5
29153,64.6
29155,60.5
29157,56.3
29159,57.5
29161,56.9
29163,60.5
29165,56.9
29167,58.5
29169,56.9
29171,63.5
29173,65.8
29175,59.5
29177,58.5
29179,66.8
29181,64.6
29183,56.9
29185,59.6
29186,65.8
29187,66.1
29189,56.9
29195,57.5
29197,64.6
29199,64.6
29201,60.5
29203,57.3
29205,65.8
29207,65.8
29209,56.3
29211,56.3
29213,56.5
29215,60.5
29217,56.5
29219,59.5
29221,67.1
29223,64.6
29225,58.5
29227,65.8
29229,66.8
29510,58.6
30001,55.9
30003,56.9
30005,56.9
30007,55.9
30009,55.9
30011,63.1
30013,56.1
30015,55.9
30017,55.9
30019,55.9
30021,55.9
30023,55.9
30025,62.7
30027,55.9
30029,55.9
30031,55.9
30033,66.6
30035,56.9
30037,56.5
30039,63.1
30041,55.9
30043,55.9
30045,63.1
30047,56.9
30049,55.9
30051,66.6
30053,55.9
30055,63.1
30057,55.9
30059,55.9
30061,55.9
30063,55.9
30065,56.9
30067,55.9
30069,64.1
30071,55.5
30073,63.1
30075,63.1
30077,58.1
30079,63.1
30081,55.9
30083,55.9
30085,64.1
30087,56.9
30089,55.9
30091,55.9
30093,55.9
30095,55.9
30097,62.7
30099,63.1
30101,58.1
30103,56.9
30105,63.1
30107,55.9
30109,63.1
30111,56.1
31001,56.1
31003,55.9
31005,55.5
31007,55.9
31009,68.4
31011,63.1
31013,55.9
31015,55.9
31017,63.1
31019,56.1
31021,55.9
31023,55.9
31025,55.9
31027,63.1
31029,55.5
31031,55.9
31033,54.9
31035,55.9
31037,58.1
31039,55.9
31041,55.9
31043,56.5
31045,56.1
31047,57.1
31049,55.9
31051,55.9
31053,56.1
31055,56.5
31057,55.5
31059,58.1
31061,63.1
31063,63.1
31065,55.9
31067,55.9
31069,55.9
31071,62.7
31073,55.9
31075,63.1
31077,58.1
31079,57.1
31081,55.5
31083,63.1
31085,55.9
31087,63.1
31089,55.9
31091,62.7
31093,55.9
31095,55.5
31097,57.1
31099,55.9
31101,55.9
31103,64.1
31105,55.9
31107,56.9
31109,56.2
31111,56.1
31113,55.9
31115,55.5
31117,66.6
31119,56.1
31121,55.9
31123,55.9
31125,55.9
31127,58.1
31129,55.9
31131,55.9
31133,63.1
31135,55.9
31137,55.9
31139,63.1
31141,55.9
31143,55.9
31145,58.1
31147,63.1
31149,66.6
31151,55.6
31153,56.5
31155,55.9
31157,55.9
31159,55.9
31161,55.9
31163,63.1
31165,55.9
31167,58.1
31169,55.9
31171,55.5
31173,56.9
31175,55.9
31177,58.1
31179,56.1
31181,58.1
31183,63.1
31185,58.1
32001,56.5
32003,56.5
32005,55.3
32007,56.1
32009,55.9
32011,55.9
32013,56.1
32015,55.9
32017,57.1
32019,56.1
32021,57.1
32023,57.1
32027,57.1
32029,55.6
32031,56.5
32033,57.1
32510,56.2
33001,63.1
33003,63.1
33005,63.4
33007,63.1
33009,55.6
33011,56.5
33013,55.6
33015,55.6
33017,55.6
33019,63.1
34001,56.5
34003,56.2
34005,56.5
34007,56.5
34009,57.1
34011,57.1
34013,58.2
34015,56.5
34017,57.8
34019,56.5
34021,56.5
34023,56.5
34025,56.5
34027,56.5
34029,56.5
34031,56.5
34033,57.1
34035,56.5
34037,56.5
34039,56.5
34041,56.5
35001,56.5
35003,56.9
35005,58.7
35006,57.8
35007,56.9
35009,58.7
35011,56.9
35013,57.8
35015,56.1
35017,58.1
35019,57.8
35021,55.9
35023,56.9
35025,57.1
35027,56.9
35028,55.6
35029,59.2
35031,56.9
35033,55.9
35035,57.1
35037,57.8
35039,56.9
35041,58.7
35043,57.1
35045,59.2
35047,57.8
35049,56.1
35051,56.9
35053,57.8
35055,56.9
35057,59.2
35059,57.1
35061,58.1
36001,56.5
36003,63.4
36005,57.8
36007,56.5
36009,56.1
36011,57.1
36013,57.1
36015,57.1
36017,58.1
36019,57.1
36021,56.5
36023,56.1
36025,56.1
36027,56.5
36029,56.5
36031,57.1
36033,59.1
36035,57.1
36037,57.1
36039,57.1
36041,63.4
36043,56.1
36045,57.1
36047,57.8
36049,65.4
36051,57.1
36053,57.1
36055,56.5
36057,56.1
36059,56.2
36061,57.8
36063,57.1
36065,56.5
36067,56.5
36069,57.1
36071,56.5
36073,59.1
36075,56.1
36077,57.1
36079,56.5
36081,56.2
36083,56.5
36085,56.5
36087,56.5
36089,57.1
36091,55.6
36093,56.5
36095,56.1
36097,65.4
36099,57.1
36101,63.7
36103,56.5
36105,57.1
36107,63.4
36109,56.5
36111,56.5
36113,56.1
36115,59.1
36117,57.1
36119,56.5
36121,59.1
36123,58.1
37001,57.1
37003,57.1
37005,57.8
37007,57.1
37009,58.1
37011,59.1
37013,60.1
37015,65.3
37017,60.1
37019,57.1
37021,57.1
37023,56.5
37025,56.5
37027,57.1
37029,56.5
37031,57.1
37033,59.1
37035,56.5
37037,57.1
37039,56.1
37041,60.1
37043,58.1
37045,57.1
37047,60.1
37049,56.5
37051,56.5
37053,57.1
37055,57.1
37057,57.1
37059,57.1
37061,60.1
37063,56.5
37065,60.1
37067,56.5
37069,59.1
37071,57.1
37073,65.7
37075,55.9
37077,57.1
37079,60.1
37081,56.5
37083,58.7
37085,57.1
37087,58.1
37089,57.1
37091,58.7
37093,58.7
37095,59.1
37097,56.5
37099,57.1
37101,57.1
37103,59.1
37105,57.1
37107,60.1
37109,57.1
37111,57.1
37113,56.1
37115,58.1
37117,60.1
37119,56.5
37121,55.9
37123,56.5
37125,57.1
37127,57.1
37129,57.1
37131,66.7
37133,56.5
37135,56.5
37137,60.1
37139,58.7
37141,59.1
37143,60.1
37145,59.1
37147,58.2
37149,59.1
37151,57.1
37153,57.1
37155,58.7
37157,57.1
37159,57.1
37161,59.1
37163,60.1
37165,57.1
37167,56.5
37169,59.1
37171,57.1
37173,57.8
37175,59.1
37177,58.2
37179,56.5
37181,60.1
37183,56.5
37185,60.1
37187,60.1
37189,57.1
37191,57.1
37193,59.1
37195,58.7
37197,59.1
37199,59.2
38001,63.1
38003,63.4
38005,64.1
38007,62.7
38009,63.1
38011,55.9
38013,55.9
38015,63.4
38017,56.5
38019,62.7
38021,58.1
38023,63.1
38025,63.1
38027,55.9
38029,63.1
38031,62.7
38033,58.1
38035,56.5
38037,66.6
38039,66.6
38041,63.1
38043,56.9
38045,63.1
38047,63.1
38049,55.9
38051,62.7
38053,55.9
38055,63.1
38057,63.1
38059,55.9
38061,56.9
38063,63.1
38065,62.7
38067,55.9
38069,63.1
38071,63.1
38073,63.1
38075,63.1
38077,56.1
38079,64.1
38081,63.1
38083,64.1
38085,56.9
38087,55.9
38089,56.1
38091,63.1
38093,56.1
38095,66.6
38097,58.1
38099,55.9
38101,57.1
38103,63.1
38105,55.9
39001,64.1
39003,57.1
39005,63.4
39007,59.1
39009,58.2
39011,63.1
39013,65.7
39015,65.4
39017,56.5
39019,65.4
39021,65.7
39023,57.1
39025,56.1
39027,63.7
39029,65.7
39031,65.4
39033,65.4
39035,56.5
39037,63.1
39039,59.1
39041,56.5
39043,57.1
39045,57.1
39047,57.1
39049,56.5
39051,55.9
39053,65.7
39055,63.4
39057,56.5
39059,65.4
39061,56.5
39063,55.6
39065,63.4
39067,65.7
39069,55.9
39071,65.4
39073,65.4
39075,63.1
39077,58.1
39079,66.4
39081,65.7
39083,63.4
39085,57.1
39087,65.7
39089,63.7
39091,63.7
39093,57.1
39095,56.5
39097,63.7
39099,57.1
39101,57.1
39103,56.1
39105,65.4
39107,55.9
39109,63.7
39111,66.6
39113,56.5
39115,65.7
39117,63.1
39119,65.7
39121,69.2
39123,58.1
39125,58.1
39127,63.1
39129,65.7
39131,66.4
39133,63.7
39135,63.1
39137,55.9
39139,63.7
39141,65.7
39143,59.1
39145,66.7
39147,57.1
39149,63.7
39151,57.1
39153,56.5
39155,63.7
39157,58.1
39159,63.1
39161,58.1
39163,64.1
39165,56.5
39167,63.4
39169,57.1
39171,56.1
39173,56.5
39175,55.9
40001,57.7
40003,59.9
40005,60.9
40007,58.9
40009,57.8
40011,59.9
40013,59.5
40015,60.9
40017,57.3
40019,57.8
40021,58.5
40023,60.9
40025,56.6
40027,57.3
40029,57.7
40031,57.3
40033,59.9
40035,57.8
40037,59.9
40039,57.8
40041,57.7
40043,56.6
40045,56.6
40047,57.8
40049,59.9
40051,59.9
40053,58.9
40055,59.9
40057,60.9
40059,56.3
40061,56.6
40063,60.9
40065,59.5
40067,59.9
40069,60.9
40071,57.8
40073,58.9
40075,60.9
40077,58.9
40079,59.5
40081,59.9
40083,57.8
40085,57.8
40087,58.9
40089,60.9
40091,60.9
40093,56.6
40095,59.9
40097,56.6
40099,58.9
40101,59.5
40103,59.9
40105,59.9
40107,60.9
40109,57.3
40111,60.9
40113,59.9
40115,58.5
40117,58.9
40119,57.3
40121,59.9
40123,57.8
40125,57.8
40127,59.9
40129,56.6
40131,56.9
40133,60.9
40135,59.5
40137,57.8
40139,56.3
40141,60.9
40143,57.3
40145,57.8
40147,57.8
40149,58.9
40151,57.8
40153,57.8
41001,55.9
41003,55.6
41005,55.6
41007,55.9
41009,55.9
41011,55.9
41013,55.9
41015,55.9
41017,55.9
41019,55.9
41021,55.9
41023,55.9
41025,55.9
41027,55.9
41029,56.1
41031,58.1
41033,56.9
41035,56.1
41037,56.1
41039,55.6
41041,55.9
41043,55.9
41045,57.2
41047,55.6
41049,55.9
41051,56.5
41053,55.6
41055,55.9
41057,55.9
41059,56.1
41061,56.1
41063,55.9
41065,55.9
41067,56.5
41069,55.9
41071,56.1
42001,56.1
42003,56.5
42005,65.4
42007,65.7
42009,65.4
42011,57.1
42013,63.7
42015,63.1
42017,56.5
42019,63.4
42021,63.7
42023,66.6
42025,56.1
42027,56.5
42029,56.5
42031,63.4
42033,57.1
42035,63.7
42037,57.1
42039,65.7
42041,56.5
42043,56.5
42045,56.5
42047,63.1
42049,57.1
42051,66.7
42053,59.1
42055,57.1
42057,65.4
42059,65.7
42061,59.1
42063,63.7
42065,63.1
42067,58.1
42069,56.5
42071,56.5
42073,65.7
42075,57.1
42077,56.5
42079,57.1
42081,63.7
42083,59.1
42085,63.7
42087,65.4
42089,56.5
42091,56.5
42093,55.6
42095,56.5
42097,59.1
42099,65.4
42101,57.8
42103,57.1
42105,63.1
42107,57.1
42109,56.1
42111,65.7
42113,65.7
42115,63.1
42117,65.4
42119,57.1
42121,65.4
42123,63.1
42125,63.7
42127,57.1
42129,63.7
42131,58.1
42133,57.1
44001,56.1
44003,55.6
44005,56.5
44007,56.5
44009,55.6
45001,65.7
45003,57.1
45005,60.1
45007,57.1
45009,60.1
45011,58.7
45013,57.1
45015,56.5
45017,60.1
45019,58.7
45021,57.1
45023,66.7
45025,60.1
45027,58.7
45029,60.1
45031,60.1
45033,60.1
45035,56.5
45037,59.1
45039,60.1
45041,58.7
45043,60.1
45045,56.5
45047,57.1
45049,58.7
45051,57.1
45053,58.7
45055,57.1
45057,57.1
45059,59.1
45061,60.1
45063,57.1
45065,66.7
45067,58.7
45069,60.1
45071,59.1
45073,57.1
45075,58.7
45077,56.5
45079,56.5
45081,60.1
45083,56.5
45085,58.7
45087,65.7
45089,60.1
45091,56.5
46003,56.6
46005,56.3
46007,57.7
46009,58.9
46011,56.3
46013,64.1
46015,63.9
46017,57.7
46019,56.6
46021,63.9
46023,57.7
46025,57.7
46027,56.0
46029,56.6
46031,57.7
46033,56.6
46035,56.6
46037,63.9
46039,56.6
46041,57.7
46043,63.9
46045,63.9
46047,58.9
46049,63.9
46051,56.6
46053,64.9
46055,63.9
46057,56.6
46059,63.9
46061,63.9
46063,56.6
46065,56.9
46067,56.6
46069,63.9
46071,64.9
46073,56.6
46075,63.5
46077,63.9
46079,56.9
46081,56.6
46083,64.1
46085,64.9
46087,56.6
46089,64.9
46091,56.6
46093,56.9
46095,57.7
46097,63.9
46099,57.3
46101,56.9
46102,56.9
46103,63.9
46105,63.9
46107,64.9
46109,63.9
46115,63.9
46117,63.5
46119,63.9
46121,57.7
46123,64.9
46125,63.9
46127,56.9
46129,63.9
46135,57.8
46137,57.7
47001,57.8
47003,57.8
47005,59.9
47007,60.9
47009,57.8
47011,57.8
47013,64.9
47015,58.9
47017,59.9
47019,59.9
47021,58.9
47023,59.9
47025,65.8
47027,58.9
47029,60.9
47031,57.8
47033,59.9
47035,57.7
47037,57.3
47039,59.9
47041,58.9
47043,59.9
47045,57.8
47047,57.8
47049,64.9
47051,57.8
47053,59.9
47055,59.9
47057,57.7
47059,59.9
47061,64.9
47063,57.8
47065,57.3
47067,69.1
47069,66.1
47071,60.9
47073,64.1
47075,60.9
47077,59.9
47079,59.9
47081,59.9
47083,59.9
47085,59.9
47087,63.9
47089,59.9
47091,60.9
47093,57.3
47095,60.9
47097,60.9
47099,59.9
47101,59.9
47103,59.9
47105,56.9
47107,57.8
47109,59.9
47111,56.6
47113,57.8
47115,66.4
47117,59.9
47119,57.8
47121,58.9
47123,59.9
47125,57.3
47127,66.4
47129,66.4
47131,59.9
47133,64.9
47135,59.9
47137,63.9
47139,63.9
47141,57.8
47143,59.9
47145,64.4
47147,57.8
47149,57.3
47151,64.9
47153,57.7
47155,56.9
47157,58.9
47159,59.9
47161,56.9
47163,57.8
47165,57.8
47167,57.8
47169,59.9
47171,56.6
47173,64.9
47175,63.9
47177,57.8
47179,57.8
47181,59.9
47183,57.8
47185,59.9
47187,57.3
47189,57.8
48001,58.7
48003,56.1
48005,57.1
48007,57.2
48009,55.9
48011,58.1
48013,59.2
48015,59.1
48017,58.1
48019,55.9
48021,57.1
48023,59.1
48025,58.7
48027,56.5
48029,58.2
48031,56.1
48033,55.9
48035,59.1
48037,58.7
48039,56.5
48041,56.5
48043,56.1
48045,60.1
48047,56.9
48049,59.1
48051,59.1
48053,57.1
48055,57.1
48057,56.5
48059,58.1
48061,56.9
48063,57.1
48065,58.1
48067,59.1
48069,59.8
48071,57.1
48073,60.1
48075,57.1
48077,58.1
48079,58.7
48081,55.9
48083,60.1
48085,56.5
48087,60.1
48089,60.1
48091,57.1
48093,55.9
48095,58.1
48097,57.1
48099,56.5
48101,59.8
48103,59.1
48105,55.5
48107,60.1
48109,55.9
48111,56.1
48113,56.5
48115,60.1
48117,59.2
48119,58.7
48121,56.5
48123,60.1
48125,58.7
48127,57.8
48129,59.1
48131,59.2
48133,59.1
48135,57.1
48137,59.2
48139,57.1
48141,58.7
48143,56.1
48145,60.1
48147,59.1
48149,59.1
48151,59.1
48153,60.1
48155,59.1
48157,56.5
48159,57.1
48161,59.1
48163,58.2
48165,60.1
48167,56.5
48169,59.8
48171,55.9
48173,58.1
48175,59.1
48177,60.1
48179,59.1
48181,57.1
48183,57.1
48185,60.1
48187,57.1
48189,60.1
48191,60.1
48193,55.9
48195,58.1
48197,60.1
48199,57.1
48201,56.5
48203,58.7
48205,56.7
48207,58.7
48209,57.1
48211,55.9
48213,59.1
48215,56.9
48217,59.1
48219,60.1
48221,55.9
48223,57.1
48225,60.1
48227,58.7
48229,59.2
48231,57.1
48233,59.1
48235,58.1
48237,59.1
48239,59.1
48241,57.1
48243,55.9
48245,56.5
48247,55.9
48249,56.9
48251,57.1
48253,59.1
48255,60.1
48257,57.1
48259,55.9
48261,55.9
48263,58.1
48265,57.1
48267,55.9
48269,55.5
48271,58.8
48273,58.2
48275,60.1
48277,58.7
48279,60.1
48281,57.1
48283,56.9
48285,59.1
48287,59.1
48289,60.1
48291,59.1
48293,60.1
48295,55.9
48297,58.7
48299,58.1
48301,55.5
48303,56.5
48305,60.1
48307,60.1
48309,58.7
48311,58.1
48313,57.1
48315,58.7
48317,58.1
48319,56.5
48321,56.5
48323,56.9
48325,57.1
48327,59.2
48329,57.1
48331,60.1
48333,59.2
48335,59.1
48337,55.9
48339,56.5
48341,55.6
48343,59.1
48345,60.1
48347,58.7
48349,58.7
48351,59.1
48353,59.1
48355,58.2
48357,55.5
48359,57.1
48361,57.1
48363,57.1
48365,59.1
48367,57.1
48369,59.2
48371,58.7
48373,60.1
48375,56.5
48377,56.9
48379,57.1
48381,57.1
48383,58.7
48385,59.2
48387,60.1
48389,58.7
48391,60.1
48393,55.9
48395,58.7
48397,56.5
48399,59.1
48401,59.1
48403,60.1
48405,60.1
48407,58.7
48409,57.8
48411,60.1
48413,58.1
48415,59.1
48417,55.9
48419,60.1
48421,55.9
48423,57.1
48425,56.1
48427,56.9
48429,59.1
48431,58.1
48433,56.7
48435,55.9
48437,59.1
48439,56.5
48441,56.5
48443,58.1
48445,60.1
48447,58.1
48449,57.1
48451,57.1
48453,56.5
48455,60.1
48457,59.1
48459,59.1
48461,59.1
48463,56.9
48465,59.2
48467,59.1
48469,57.1
48471,57.1
48473,57.1
48475,59.1
48477,57.1
48479,56.9
48481,59.1
48483,59.1
48485,56.5
48487,57.1
48489,58.7
48491,56.5
48493,59.1
48495,59.1
48497,58.1
48499,59.1
48501,59.2
48503,58.1
48505,56.9
48507,56.9
49001,56.3
49003,56.6
49005,56.3
49007,56.6
49009,56.3
49011,56.0
49013,56.6
49015,56.6
49017,56.6
49019,56.6
49021,56.6
49023,56.6
49025,56.6
49027,56.6
49029,56.6
49031,56.3
49033,56.6
49035,56.3
49037,57.7
49039,56.9
49041,56.6
49043,56.6
49045,56.9
49047,56.6
49049,56.9
49051,56.6
49053,56.9
49055,56.6
49057,56.9
50001,56.1
50003,63.4
50005,63.4
50007,56.5
50009,63.1
50011,63.1
50013,63.1
50015,63.4
50017,63.1
50019,65.4
50021,63.4
50023,56.1
50025,56.1
50027,63.4
51001,59.5
51003,57.3
51005,66.4
51007,59.9
51009,57.8
51011,66.4
51013,56.9
51015,57.8
51017,59.9
51019,57.8
51021,66.4
51023,64.4
51025,60.9
51027,71.7
51029,60.9
51031,57.8
51033,57.8
51035,58.9
51036,66.4
51037,60.9
51041,57.3
51043,57.8
51045,63.9
51047,57.8
51049,59.9
51051,64.9
51053,60.9
51057,57.8
51059,56.9
51061,57.8
51063,59.9
51065,57.8
51067,59.9
51069,57.8
51071,66.4
51073,57.8
51075,57.8
51077,59.9
51079,57.8
51081,66.4
51083,59.9
51085,57.8
51087,57.3
51089,59.9
51091,63.9
51093,57.8
51095,57.3
51097,59.9
51099,57.8
51101,57.8
51103,64.4
51105,60.9
51107,56.9
51109,57.8
51111,60.9
51113,57.8
51115,66.4
51117,59.5
51119,59.9
51121,57.3
51125,59.9
51127,57.8
51131,59.5
51133,59.9
51135,59.9
51137,57.8
51139,59.9
51141,59.9
51143,59.9
51145,57.8
51147,59.5
51149,57.3
51153,57.3
51155,64.4
51157,57.8
51159,59.9
51161,57.3
51163,64.4
51165,57.8
51167,66.1
51169,66.1
51171,57.8
51173,59.9
51175,67.5
51177,57.3
51179,57.3
51181,66.4
51183,59.9
51185,64.4
51187,57.8
51191,66.1
51193,57.8
51195,66.4
51197,66.4
51199,57.3
51510,56.9
51530,64.4
51540,59.9
51550,56.9
51570,57.3
51580,57.3
51590,57.8
51595,57.8
51600,57.8
51610,56.9
51620,56.9
51630,59.5
51640,57.3
51650,57.5
51660,57.3
51670,57.3
51678,57.8
51680,56.9
51683,57.3
51685,56.9
51690,57.3
51700,57.8
51710,57.3
51720,57.3
51730,57.5
51735,59.5
51740,56.3
51750,57.8
51760,57.3
51770,57.3
51775,57.3
51790,57.3
51800,57.8
51810,57.3
51820,56.9
51830,57.8
51840,56.9
53001,57.3
53003,55.9
53005,56.5
53007,55.6
53009,55.9
53011,56.1
53013,56.5
53015,55.9
53017,56.1
53019,55.9
53021,55.9
53023,56.5
53025,55.3
53027,56.1
53029,56.1
53031,56.5
53033,55.6
53035,56.5
53037,56.5
53039,55.6
53041,55.9
53043,56.1
53045,55.9
53047,56.1
53049,55.9
53051,55.3
53053,55.9
53055,56.5
53057,55.9
53059,55.6
53061,55.9
53063,56.5
53065,56.5
53067,55.9
53069,56.5
53071,55.9
53073,57.1
53075,55.6
53077,56.5
54001,56.1
54003,66.4
54005,57.1
54007,68.9
54009,64.1
54011,65.4
54013,63.7
54015,64.1
54017,68.4
54019,66.4
54021,66.7
54023,60.1
54025,65.4
54027,65.7
54029,66.4
54031,65.7
54033,57.1
54035,63.7
54037,63.1
54039,57.1
54041,63.7
54043,63.1
54045,68.4
54047,66.7
54049,70.9
54051,63.7
54053,65.4
54055,68.9
54057,63.7
54059,65.7
54061,70.9
54063,56.5
54065,66.4
54067,65.4
54069,64.1
54071,63.7
54073,65.7
54075,65.4
54077,65.4
54079,65.4
54081,63.4
54083,63.7
54085,66.4
54087,64.1
54089,63.1
54091,66.7
54093,65.4
54095,64.1
54097,63.1
54099,65.4
54101,64.1
54103,64.1
54105,63.1
54107,63.1
54109,63.4
55001,70.6
55003,59.1
55005,55.9
55007,56.1
55009,63.1
55011,56.5
55013,55.9
55015,65.4
55017,55.6
55019,63.7
55021,55.9
55023,56.1
55025,65.7
55027,56.5
55029,57.1
55031,58.1
55033,63.4
55035,62.8
55037,55.6
55039,63.1
55041,56.1
55043,58.1
55045,63.4
55047,55.9
55049,55.9
55051,63.1
55053,63.1
55055,59.1
55057,56.1
55059,59.1
55061,57.1
55063,55.9
55065,55.6
55067,55.9
55069,55.9
55071,65.4
55073,55.6
55075,55.6
55077,63.1
55078,58.1
55079,56.9
55081,56.5
55083,56.1
55085,63.1
55087,63.1
55089,55.6
55091,55.6
55093,63.1
55095,56.1
55097,55.9
55099,55.6
55101,63.1
55103,57.1
55105,55.9
55107,57.1
55109,63.1
55111,56.1
55113,56.1
55115,58.1
55117,55.9
55119,55.6
55121,55.9
55123,55.9
55125,63.1
55127,63.1
55129,56.1
55131,63.1
55133,56.1
55135,55.6
55137,55.9
55139,59.1
55141,56.5
56001,55.6
56003,55.6
56005,55.9
56007,55.9
56009,56.1
56011,55.9
56013,55.9
56015,55.9
56017,58.1
56019,55.9
56021,55.9
56023,57.1
56025,55.9
56027,56.1
56029,55.5
56031,55.9
56033,55.9
56035,55.9
56037,55.5
56039,56.1
56041,55.9
56043,55.9
56045,55.5
